Model,Dataset,R²,RMSE,MAE,MAPE
LightGBM_Basic,Train,0.9435381653340332,12.398113685696899,8.441305532149771,26.73608534806714
LightGBM_Basic,Validation,0.7150287293391339,16.10075753725023,10.972220692892584,59.857331029161124
LightGBM_Basic,Test,0.6802154355818946,14.091327789448806,9.694661117554471,58.05523817813093
LightGBM_Optimized,Train,0.8155431411800436,22.40915732755177,13.24607610913973,36.68004617038976
LightGBM_Optimized,Validation,0.7409194005729565,15.351938330074251,10.532119663221362,57.60628203544547
LightGBM_Optimized,Test,0.6692998999444069,14.329806700552517,9.833703729201076,59.10066030870824
