Feature,MLR_Coefficient,Ridge_Coefficient
d2m,58.17705796654632,57.38172860178882
t2m,-37.706874889911326,-37.14759613164403
wind_speed_10m,3.614455023883359,3.5985443221351883
tcwv,-30.94662919729599,-30.67120036458097
tp,-2.3698509342054415,-2.370181171800938
blh,-14.414133150532944,-14.50632158368513
sp,-13.58752471353861,-13.543426105828583
month,-3.4350202564137584,-3.4206076750225223
season,-7.864303395647452,-7.822557533658214
