Model,Train R²,Train RMSE,Train MAE,Test R²,Test RMSE,Test MAE
MLR,0.1963254075880112,45.229823861981885,31.8452573578804,-0.41773993977143586,33.383130014236905,27.93593981887662
Ridge,0.19631531159160476,45.23010795625921,31.834566677097417,-0.41466954221888885,33.346961520376254,27.91167998536303
