Sequence_Position,Attention_Weight
0,0.04369512
1,0.04745181
2,0.071552634
3,0.10771371
4,0.1589819
5,0.22720619
6,0.34339866
