Sequence_Position,Attention_Weight
0,0.13196646
1,0.090371504
2,0.09390857
3,0.1187247
4,0.15744112
5,0.18651871
6,0.22106887
