Window,Basic_R2,Basic_RMSE,Opt_R2,Opt_RMSE
7,0.006883203983306885,24.90468034380975,-0.0515744686126709,25.627180499834424
14,0.11316412687301636,23.626640464705037,0.14455562829971313,23.204715065467433
30,-0.32511281967163086,29.18956806444834,0.2124767303466797,22.502612153057644
