Model,Dataset,R²,RMSE,MAE,MAPE
XGBoost_Basic,Train,0.9531340604987413,11.30541697818099,8.387787123583376,27.675334911524224
XGBoost_Basic,Validation,0.7382333956823941,15.43131334995424,10.750897941330377,58.368637544095805
XGBoost_Basic,Test,0.7197011268717654,13.19270480193485,9.293778821907376,56.25032765735277
XGBoost_Optimized,Train,0.9071673374352085,15.91139747166018,11.576475056591859,36.20646539792825
XGBoost_Optimized,Validation,0.7245214117205526,15.83032003500035,11.030769911088152,60.1406626335422
XGBoost_Optimized,Test,0.694864618206191,13.764785669141368,9.762053419880665,59.165019950240826
