模型,验证集RMSE,验证集MAE,验证集R²,测试集RMSE,测试集MAE,测试集R²,最佳参数
SVR-RBF,37.8712101999127,22.380508670701104,0.3858814868843612,43.732635569452775,24.484612314355395,0.2543943678443956,"{'C': 100, 'epsilon': 0.2, 'gamma': 0.01}"
SVR-Linear,41.29637295647439,23.934533063716227,0.2697734124368949,45.42609726707922,25.24475013851222,0.19553207927556182,"{'C': 100, 'epsilon': 0.2}"
SVR-Poly,49.24071201352288,29.014086551718705,-0.038203457827230336,52.15525776617006,29.607251016505874,-0.06045945844362732,"{'C': 0.1, 'epsilon': 0.2, 'gamma': 0.01}"
