Model,Validation RMSE,Validation MAE,Validation R²,Test RMSE,Test MAE,Test R²,Best Parameters
SVR-RBF,33.10335436820879,21.31022118779535,0.39490781583424384,36.7757500394984,22.899770115785678,0.3145866311747104,"{'C': 100, 'epsilon': 0.2, 'gamma': 0.01}"
SVR-Linear,34.97963285312412,21.94812199091803,0.3243713918484066,38.33079710501722,23.69303839432824,0.2553962920869981,"{'C': 100, 'epsilon': 0.2}"
SVR-Poly,37.48051428913568,22.787470170612394,0.22430923695277705,38.4414800012513,24.037409355190636,0.2510898914587729,"{'C': 1, 'epsilon': 0.2, 'gamma': 'scale'}"
