Model,Dataset,R²,RMSE,MAE,MAPE
CNN_Basic,Train,0.9673293232917786,9.334108002620809,6.774162292480469,20.322998
CNN_Basic,Validation,-7.007078170776367,85.56769581101416,28.83315658569336,180.79588
CNN_Basic,Test,0.10123974084854126,23.658922817961304,16.984399795532227,100.73856
CNN_Optimized,Train,-0.9300386905670166,71.74252737654982,48.16770553588867,166.10643
CNN_Optimized,Validation,-0.36721909046173096,35.35833930210983,25.270666122436523,148.46196
CNN_Optimized,Test,-0.37315499782562256,29.24373305259714,21.660200119018555,138.3348
